month,site_code,latitude,longitude,temperature_c,ph,tds_mg_l,do_mg_l,bod_mg_l,cod_mg_l
2019-11,S1,26.953991,75.843171,21.6,8.14,1498.0,4.1,26.4,94.3
2019-11,S2,26.956804,75.844122,21.8,8.25,1526.0,4.2,25.8,96.4
2019-11,S3,26.958719,75.846233,21.5,8.03,1510.0,4.3,28.0,95.8
2019-11,S4,26.960822,75.848142,22.3,8.11,1533.0,4.2,27.9,94.7
2019-12,S1,26.953991,75.843171,18.9,7.16,1267.0,5.6,18.2,85.6
2019-12,S2,26.956804,75.844122,19.3,7.38,1297.5,5.8,18.7,86.2
2019-12,S3,26.958719,75.846233,18.5,7.95,1310.7,4.8,17.9,84.9
2019-12,S4,26.960822,75.848142,18.7,7.59,1287.2,5.2,19.0,85.2
2020-01,S1,26.953991,75.843171,17.6,7.49,1347.2,5.1,15.4,84.5
2020-01,S2,26.956804,75.844122,17.2,7.87,1376.6,4.9,15.8,86.7
2020-01,S3,26.958719,75.846233,16.9,8.12,1368.2,4.8,16.9,84.2
2020-01,S4,26.960822,75.848142,17.9,7.95,1402.6,5.0,17.3,86.2
2020-02,S1,26.953991,75.843171,19.3,8.85,1560.2,3.6,20.5,91.8
2020-02,S2,26.956804,75.844122,19.9,8.62,1587.9,3.9,21.9,92.1
2020-02,S3,26.958719,75.846233,20.2,8.75,1618.5,3.7,19.8,90.5
2020-02,S4,26.960822,75.848142,19.4,8.55,1602.3,4.0,21.2,92.5
